{"cameraMode":{"drawMode":0,"name":"Shaded","section":"Shading Mode"},"sceneLighting":false,"audioPlay":false,"sceneViewState":{"showFog":true,"showMaterialUpdate":true,"showSkybox":true,"showFlares":true,"showImageEffects":true,"showParticleSystems":true},"in2DMode":false,"pivot":{"x":0.732227623462677,"y":10.75766372680664,"z":-5.873050689697266},"rotation":{"x":0.2415798455476761,"y":0.6311693787574768,"z":-0.21640974283218385,"w":0.7045795917510986},"size":11.268194198608399,"orthographic":false}