{"cameraMode":{"drawMode":0,"name":"Shaded","section":"Shading Mode"},"sceneLighting":false,"audioPlay":false,"sceneViewState":{"showFog":true,"showMaterialUpdate":true,"showSkybox":false,"showFlares":true,"showImageEffects":true,"showParticleSystems":true},"in2DMode":false,"pivot":{"x":-0.718934178352356,"y":0.40554285049438479,"z":0.8585712909698486},"rotation":{"x":-0.033521976321935657,"y":-0.9347584843635559,"z":0.09172207117080689,"w":-0.34163302183151247},"size":0.9115807414054871,"orthographic":false}